rep,target_prevalence,actual_prevalence,n,algo,arm,auroc,brier,ece10,ece20,calib_slope,calib_intercept,mean_predicted,observed_rate,nb_at_prevalence,nb_at_0.20,nb_positive_up_to
0,0.05,0.05,6000,logreg,unweighted,0.7926,0.0446,0.0093,0.0135,0.982,-0.044,0.05,0.05,0.0229,0.0019,0.28
0,0.05,0.05,6000,logreg,weighted,0.7931,0.1773,0.3316,0.3316,0.813,-2.911,0.3816,0.05,0.0005,-0.1411,0.05
0,0.05,0.05,6000,logreg,weighted + Platt,0.7924,0.0446,0.0104,0.014,1.0,-0.002,0.05,0.05,0.0225,0.0017,0.29
0,0.05,0.05,6000,logreg,weighted + isotonic,0.7792,0.0437,0.0014,0.0059,0.874,-0.31,0.0503,0.05,0.0215,0.0045,0.28
0,0.05,0.05,6000,rf,unweighted,0.7782,0.0432,0.0036,0.0083,0.866,-0.33,0.0507,0.05,0.0218,0.004,0.45
0,0.05,0.05,6000,rf,weighted,0.7754,0.089,0.1742,0.1742,0.959,-1.994,0.2242,0.05,0.005,-0.0591,0.05
0,0.05,0.05,6000,rf,weighted + Platt,0.7741,0.0437,0.0057,0.0066,0.997,-0.005,0.0499,0.05,0.0214,0.0046,0.4
0,0.05,0.05,6000,rf,weighted + isotonic,0.7597,0.0441,0.0031,0.005,0.849,-0.381,0.0502,0.05,0.0205,0.0036,0.26
0,0.05,0.05,6000,hgb,unweighted,0.7765,0.0463,0.0192,0.0197,0.606,-0.863,0.0468,0.05,0.0209,0.0012,0.23
0,0.05,0.05,6000,hgb,weighted,0.7629,0.1011,0.1569,0.1569,0.54,-2.238,0.2069,0.05,0.0132,-0.046,0.07
0,0.05,0.05,6000,hgb,weighted + Platt,0.7623,0.0447,0.0073,0.0077,0.996,-0.011,0.05,0.05,0.0188,0.0007,0.41
0,0.05,0.05,6000,hgb,weighted + isotonic,0.748,0.0454,0.0021,0.0067,0.644,-0.946,0.0503,0.05,0.0196,0.0016,0.22
0,0.1,0.1,6000,logreg,unweighted,0.7976,0.0796,0.0228,0.0228,0.971,-0.054,0.0999,0.1,0.0463,0.0242,0.39
0,0.1,0.1,6000,logreg,weighted,0.7993,0.1779,0.2928,0.2928,0.833,-2.169,0.3928,0.1,0.0044,-0.0793,0.1
0,0.1,0.1,6000,logreg,weighted + Platt,0.799,0.0796,0.0243,0.0243,1.0,-0.001,0.1,0.1,0.0467,0.0231,0.39
0,0.1,0.1,6000,logreg,weighted + isotonic,0.7938,0.078,0.006,0.0098,0.931,-0.117,0.0999,0.1,0.0468,0.0232,0.39
0,0.1,0.1,6000,rf,unweighted,0.8066,0.0772,0.0069,0.0094,0.948,-0.093,0.1005,0.1,0.049,0.0291,0.39
0,0.1,0.1,6000,rf,weighted,0.804,0.1228,0.1845,0.1845,1.01,-1.563,0.2845,0.1,0.0179,-0.0292,0.12
0,0.1,0.1,6000,rf,weighted + Platt,0.8036,0.0779,0.0132,0.0174,0.999,0.0,0.0999,0.1,0.0499,0.0275,0.35
0,0.1,0.1,6000,rf,weighted + isotonic,0.7962,0.0775,0.0037,0.0105,0.934,-0.111,0.0999,0.1,0.0491,0.029,0.34
0,0.1,0.1,6000,hgb,unweighted,0.7767,0.0835,0.0293,0.0301,0.647,-0.564,0.0959,0.1,0.0445,0.0215,0.32
0,0.1,0.1,6000,hgb,weighted,0.7669,0.1406,0.1823,0.1842,0.6,-1.741,0.2823,0.1,0.0246,-0.0258,0.14
0,0.1,0.1,6000,hgb,weighted + Platt,0.7662,0.0814,0.0124,0.018,0.998,-0.003,0.0999,0.1,0.0425,0.0182,0.34
0,0.1,0.1,6000,hgb,weighted + isotonic,0.7626,0.0807,0.0049,0.0084,0.927,-0.133,0.1001,0.1,0.0432,0.0179,0.34
0,0.15,0.15,6000,logreg,unweighted,0.7861,0.1102,0.0262,0.03,0.992,-0.011,0.1499,0.15,0.0663,0.052,0.5
0,0.15,0.15,6000,logreg,weighted,0.7865,0.1872,0.2673,0.2673,0.867,-1.72,0.4173,0.15,0.0133,-0.0289,0.16
0,0.15,0.15,6000,logreg,weighted + Platt,0.7861,0.1103,0.026,0.0302,1.0,-0.001,0.15,0.15,0.0667,0.0519,0.49
0,0.15,0.15,6000,logreg,weighted + isotonic,0.7802,0.1081,0.0088,0.0104,0.937,-0.087,0.1501,0.15,0.0645,0.0505,0.46
0,0.15,0.15,6000,rf,unweighted,0.7883,0.1055,0.0065,0.0133,0.984,-0.028,0.1507,0.15,0.0682,0.0544,0.6
0,0.15,0.15,6000,rf,weighted,0.7866,0.1487,0.1889,0.1889,1.029,-1.31,0.3389,0.15,0.0272,-0.0003,0.19
0,0.15,0.15,6000,rf,weighted + Platt,0.7861,0.1061,0.0088,0.015,0.999,-0.001,0.15,0.15,0.0671,0.0546,0.55
0,0.15,0.15,6000,rf,weighted + isotonic,0.7789,0.1068,0.0091,0.0118,0.925,-0.104,0.15,0.15,0.0671,0.0527,0.6
0,0.15,0.15,6000,hgb,unweighted,0.7674,0.1105,0.0257,0.0284,0.732,-0.347,0.1472,0.15,0.063,0.0521,0.46
0,0.15,0.15,6000,hgb,weighted,0.7581,0.1635,0.1903,0.1922,0.683,-1.428,0.34,0.15,0.0312,0.0017,0.2
0,0.15,0.15,6000,hgb,weighted + Platt,0.7577,0.1106,0.0244,0.0272,0.998,-0.003,0.15,0.15,0.0574,0.0509,0.6
0,0.15,0.15,6000,hgb,weighted + isotonic,0.7523,0.1099,0.0053,0.0138,0.862,-0.206,0.1505,0.15,0.0615,0.05,0.6
0,0.2,0.2,6000,logreg,unweighted,0.7858,0.1333,0.0401,0.0422,0.989,-0.015,0.2002,0.2,0.091,0.091,0.54
0,0.2,0.2,6000,logreg,weighted,0.7857,0.1866,0.2298,0.2298,0.892,-1.375,0.4298,0.2,0.0257,0.0257,0.23
0,0.2,0.2,6000,logreg,weighted + Platt,0.7856,0.1334,0.0392,0.042,0.999,-0.002,0.2001,0.2,0.0903,0.0903,0.55
0,0.2,0.2,6000,logreg,weighted + isotonic,0.7812,0.1293,0.0088,0.0143,0.955,-0.047,0.1997,0.2,0.0882,0.0882,0.53
0,0.2,0.2,6000,rf,unweighted,0.7889,0.1283,0.0086,0.0116,0.978,-0.027,0.2004,0.2,0.0934,0.0934,0.57
0,0.2,0.2,6000,rf,weighted,0.7861,0.1619,0.1709,0.1709,1.011,-1.086,0.3709,0.2,0.0442,0.0442,0.43
0,0.2,0.2,6000,rf,weighted + Platt,0.786,0.1289,0.0169,0.0175,1.0,0.0,0.2,0.2,0.092,0.092,0.57
0,0.2,0.2,6000,rf,weighted + isotonic,0.7819,0.1288,0.0074,0.0101,0.922,-0.082,0.1995,0.2,0.092,0.092,0.56
0,0.2,0.2,6000,hgb,unweighted,0.7726,0.1344,0.0289,0.0318,0.731,-0.277,0.1979,0.2,0.0887,0.0887,0.53
0,0.2,0.2,6000,hgb,weighted,0.7709,0.1724,0.1723,0.1723,0.719,-1.154,0.3685,0.2,0.0523,0.0523,0.34
0,0.2,0.2,6000,hgb,weighted + Platt,0.7707,0.1331,0.0356,0.039,1.0,0.0,0.1999,0.2,0.0867,0.0867,0.51
0,0.2,0.2,6000,hgb,weighted + isotonic,0.7664,0.1309,0.0071,0.0108,0.956,-0.046,0.1996,0.2,0.0902,0.0902,0.53
0,0.3,0.3,6000,logreg,unweighted,0.7959,0.1607,0.0383,0.042,0.988,-0.009,0.3,0.3,0.1407,0.1762,0.6
0,0.3,0.3,6000,logreg,weighted,0.7961,0.1823,0.1487,0.1487,0.947,-0.84,0.4487,0.3,0.0924,0.1477,0.6
0,0.3,0.3,6000,logreg,weighted + Platt,0.7958,0.1611,0.0387,0.041,0.994,-0.005,0.3001,0.3,0.1399,0.1767,0.6
0,0.3,0.3,6000,logreg,weighted + isotonic,0.7914,0.159,0.0118,0.0214,0.947,-0.036,0.3002,0.3,0.1414,0.1744,0.6
0,0.3,0.3,6000,rf,unweighted,0.8028,0.1549,0.0208,0.0262,0.993,-0.007,0.3003,0.3,0.1459,0.175,0.6
0,0.3,0.3,6000,rf,weighted,0.8025,0.1695,0.1146,0.1152,1.016,-0.676,0.4146,0.3,0.1169,0.1652,0.6
0,0.3,0.3,6000,rf,weighted + Platt,0.8022,0.1557,0.025,0.0281,0.997,-0.003,0.3001,0.3,0.1454,0.1766,0.6
0,0.3,0.3,6000,rf,weighted + isotonic,0.7967,0.1557,0.0113,0.019,0.944,-0.039,0.3003,0.3,0.1429,0.1744,0.6
0,0.3,0.3,6000,hgb,unweighted,0.7904,0.1619,0.0356,0.0372,0.777,-0.142,0.2991,0.3,0.1379,0.1715,0.6
0,0.3,0.3,6000,hgb,weighted,0.7894,0.1777,0.1186,0.1202,0.772,-0.724,0.4151,0.3,0.1143,0.1658,0.6
0,0.3,0.3,6000,hgb,weighted + Platt,0.789,0.1612,0.0265,0.033,0.994,-0.005,0.3002,0.3,0.1385,0.1713,0.6
0,0.3,0.3,6000,hgb,weighted + isotonic,0.7855,0.1598,0.0127,0.0167,0.948,-0.034,0.2998,0.3,0.1364,0.1713,0.6
0,0.4,0.4,6000,logreg,unweighted,0.7811,0.1855,0.0269,0.0333,0.989,-0.006,0.4002,0.4,0.1732,0.2727,0.6
0,0.4,0.4,6000,logreg,weighted,0.7811,0.1906,0.0771,0.0771,0.967,-0.404,0.4771,0.4,0.1603,0.2662,0.6
0,0.4,0.4,6000,logreg,weighted + Platt,0.7808,0.1857,0.0279,0.0319,0.996,-0.002,0.4,0.4,0.173,0.2728,0.6
0,0.4,0.4,6000,logreg,weighted + isotonic,0.7781,0.1845,0.0088,0.0181,0.939,-0.021,0.4003,0.4,0.1737,0.2731,0.6
0,0.4,0.4,6000,rf,unweighted,0.788,0.1809,0.0179,0.0211,1.008,0.005,0.3995,0.4,0.1812,0.274,0.6
0,0.4,0.4,6000,rf,weighted,0.788,0.1848,0.0605,0.0605,1.02,-0.325,0.4605,0.4,0.1706,0.2702,0.6
0,0.4,0.4,6000,rf,weighted + Platt,0.7877,0.1812,0.0121,0.0177,0.998,-0.001,0.4,0.4,0.1804,0.2738,0.6
0,0.4,0.4,6000,rf,weighted + isotonic,0.7836,0.182,0.0103,0.0198,0.946,-0.018,0.4002,0.4,0.1793,0.2731,0.6
0,0.4,0.4,6000,hgb,unweighted,0.7692,0.19,0.0392,0.0397,0.755,-0.074,0.3987,0.4,0.1686,0.2676,0.6
0,0.4,0.4,6000,hgb,weighted,0.7695,0.1942,0.0694,0.0719,0.754,-0.347,0.461,0.4,0.1603,0.2676,0.6
0,0.4,0.4,6000,hgb,weighted + Platt,0.7692,0.189,0.0234,0.0332,0.997,-0.0,0.3999,0.4,0.1682,0.2679,0.6
0,0.4,0.4,6000,hgb,weighted + isotonic,0.7637,0.1891,0.0132,0.0215,0.914,-0.028,0.4,0.4,0.1662,0.2702,0.6
0,0.5,0.5,6000,logreg,unweighted,0.7941,0.185,0.0273,0.0295,0.993,-0.001,0.5,0.5,0.2308,0.3828,0.6
0,0.5,0.5,6000,logreg,weighted,0.7941,0.185,0.0273,0.0295,0.993,-0.001,0.5,0.5,0.2308,0.3828,0.6
0,0.5,0.5,6000,logreg,weighted + Platt,0.7936,0.1853,0.0288,0.0302,0.996,-0.0,0.5,0.5,0.231,0.3823,0.6
0,0.5,0.5,6000,logreg,weighted + isotonic,0.7898,0.185,0.0098,0.0185,0.948,-0.004,0.5003,0.5,0.2317,0.3825,0.6
0,0.5,0.5,6000,rf,unweighted,0.7969,0.1824,0.011,0.0149,1.007,-0.0,0.5001,0.5,0.233,0.3852,0.6
0,0.5,0.5,6000,rf,weighted,0.7968,0.1824,0.012,0.017,1.007,-0.0,0.5001,0.5,0.2338,0.3861,0.6
0,0.5,0.5,6000,rf,weighted + Platt,0.7961,0.1826,0.0132,0.0184,0.996,0.0,0.4999,0.5,0.2337,0.3864,0.6
0,0.5,0.5,6000,rf,weighted + isotonic,0.7921,0.1832,0.0147,0.021,0.931,-0.001,0.4999,0.5,0.2332,0.3872,0.6
0,0.5,0.5,6000,hgb,unweighted,0.7822,0.1899,0.0342,0.0346,0.775,-0.016,0.5014,0.5,0.2197,0.3819,0.6
0,0.5,0.5,6000,hgb,weighted,0.7822,0.1899,0.0342,0.0346,0.775,-0.016,0.5014,0.5,0.2197,0.3819,0.6
0,0.5,0.5,6000,hgb,weighted + Platt,0.7818,0.1892,0.0195,0.0247,0.996,-0.0,0.5,0.5,0.22,0.3834,0.6
0,0.5,0.5,6000,hgb,weighted + isotonic,0.7776,0.1894,0.009,0.0195,0.919,-0.002,0.4997,0.5,0.2162,0.3841,0.6
1,0.05,0.05,6000,logreg,unweighted,0.7927,0.0455,0.0099,0.0157,0.963,-0.1,0.0502,0.05,0.0227,0.0007,0.21
1,0.05,0.05,6000,logreg,weighted,0.7919,0.1801,0.3322,0.3322,0.737,-2.907,0.3822,0.05,0.0011,-0.14,0.05
1,0.05,0.05,6000,logreg,weighted + Platt,0.7903,0.0455,0.0115,0.0185,0.979,-0.061,0.0502,0.05,0.0233,-0.0002,0.19
1,0.05,0.05,6000,logreg,weighted + isotonic,0.7799,0.044,0.0036,0.0055,0.868,-0.322,0.0501,0.05,0.0219,0.0007,0.21
1,0.05,0.05,6000,rf,unweighted,0.7863,0.0441,0.0061,0.0065,0.86,-0.339,0.0503,0.05,0.022,0.003,0.29
1,0.05,0.05,6000,rf,weighted,0.78,0.089,0.1715,0.1715,0.935,-1.978,0.2215,0.05,0.0055,-0.0561,0.05
1,0.05,0.05,6000,rf,weighted + Platt,0.7791,0.0444,0.002,0.0064,0.998,-0.005,0.05,0.05,0.0221,0.002,0.37
1,0.05,0.05,6000,rf,weighted + isotonic,0.768,0.0446,0.0029,0.0055,0.826,-0.437,0.0501,0.05,0.0227,0.0021,0.38
1,0.05,0.05,6000,hgb,unweighted,0.7601,0.0465,0.0216,0.0234,0.562,-0.957,0.0451,0.05,0.0186,-0.0007,0.18
1,0.05,0.05,6000,hgb,weighted,0.7439,0.1027,0.153,0.153,0.49,-2.255,0.203,0.05,0.0126,-0.0453,0.07
1,0.05,0.05,6000,hgb,weighted + Platt,0.7428,0.0453,0.0012,0.0031,0.993,-0.017,0.05,0.05,0.0171,0.0007,0.37
1,0.05,0.05,6000,hgb,weighted + isotonic,0.7289,0.0455,0.0023,0.0072,0.846,-0.401,0.0501,0.05,0.0156,0.001,0.49
1,0.1,0.1,6000,logreg,unweighted,0.7726,0.0815,0.0158,0.0165,0.971,-0.056,0.1,0.1,0.0407,0.0167,0.4
1,0.1,0.1,6000,logreg,weighted,0.7731,0.1908,0.3112,0.3112,0.862,-2.177,0.4112,0.1,0.0031,-0.0898,0.1
1,0.1,0.1,6000,logreg,weighted + Platt,0.7726,0.0814,0.0184,0.0196,0.998,-0.004,0.1,0.1,0.0413,0.0164,0.39
1,0.1,0.1,6000,logreg,weighted + isotonic,0.7636,0.0807,0.006,0.0081,0.888,-0.205,0.1001,0.1,0.0406,0.0211,0.4
1,0.1,0.1,6000,rf,unweighted,0.7742,0.0806,0.0062,0.0115,0.917,-0.155,0.1006,0.1,0.0436,0.0211,0.33
1,0.1,0.1,6000,rf,weighted,0.7701,0.1331,0.2,0.2,0.945,-1.612,0.3,0.1,0.0153,-0.0425,0.12
1,0.1,0.1,6000,rf,weighted + Platt,0.7691,0.0813,0.0108,0.0159,0.995,-0.008,0.0999,0.1,0.0425,0.0204,0.47
1,0.1,0.1,6000,rf,weighted + isotonic,0.7605,0.0809,0.0039,0.0088,0.917,-0.152,0.1,0.1,0.0424,0.0207,0.46
1,0.1,0.1,6000,hgb,unweighted,0.7549,0.0849,0.0291,0.0291,0.625,-0.63,0.0962,0.1,0.0396,0.0167,0.32
1,0.1,0.1,6000,hgb,weighted,0.7457,0.1486,0.1942,0.195,0.576,-1.776,0.2942,0.1,0.0227,-0.0318,0.13
1,0.1,0.1,6000,hgb,weighted + Platt,0.7439,0.0826,0.0076,0.0187,0.985,-0.027,0.0999,0.1,0.0367,0.0145,0.53
1,0.1,0.1,6000,hgb,weighted + isotonic,0.7371,0.0827,0.0065,0.0075,0.901,-0.185,0.0998,0.1,0.0389,0.0153,0.38
1,0.15,0.15,6000,logreg,unweighted,0.7999,0.1072,0.0287,0.0311,0.973,-0.04,0.15,0.15,0.0708,0.0587,0.49
1,0.15,0.15,6000,logreg,weighted,0.8008,0.1772,0.2552,0.2552,0.862,-1.71,0.4052,0.15,0.0169,-0.0244,0.16
1,0.15,0.15,6000,logreg,weighted + Platt,0.8004,0.1071,0.0305,0.0327,0.996,-0.007,0.1501,0.15,0.0711,0.059,0.49
1,0.15,0.15,6000,logreg,weighted + isotonic,0.7946,0.1044,0.005,0.0096,0.939,-0.081,0.15,0.15,0.0694,0.0585,0.51
1,0.15,0.15,6000,rf,unweighted,0.7988,0.1022,0.0107,0.0179,0.973,-0.033,0.1496,0.15,0.0742,0.0613,0.52
1,0.15,0.15,6000,rf,weighted,0.7955,0.1423,0.182,0.182,1.023,-1.306,0.332,0.15,0.029,-0.0013,0.19
1,0.15,0.15,6000,rf,weighted + Platt,0.7952,0.1033,0.0143,0.0238,0.999,-0.003,0.1501,0.15,0.0725,0.0607,0.51
1,0.15,0.15,6000,rf,weighted + isotonic,0.7894,0.103,0.0071,0.0131,0.936,-0.089,0.1501,0.15,0.0733,0.0615,0.49
1,0.15,0.15,6000,hgb,unweighted,0.7754,0.1078,0.0245,0.0275,0.714,-0.373,0.148,0.15,0.0672,0.0567,0.52
1,0.15,0.15,6000,hgb,weighted,0.7726,0.1554,0.1831,0.1869,0.708,-1.433,0.3331,0.15,0.035,0.007,0.21
1,0.15,0.15,6000,hgb,weighted + Platt,0.7722,0.1064,0.0228,0.0245,0.997,-0.005,0.15,0.15,0.0656,0.0565,0.54
1,0.15,0.15,6000,hgb,weighted + isotonic,0.7686,0.106,0.0057,0.0111,0.954,-0.065,0.1499,0.15,0.0662,0.0573,0.52
1,0.2,0.2,6000,logreg,unweighted,0.7748,0.1343,0.0292,0.0319,0.978,-0.027,0.2,0.2,0.0855,0.0855,0.56
1,0.2,0.2,6000,logreg,weighted,0.7754,0.19,0.233,0.233,0.897,-1.376,0.433,0.2,0.0243,0.0243,0.23
1,0.2,0.2,6000,logreg,weighted + Platt,0.7752,0.1343,0.0309,0.0328,1.001,0.001,0.2,0.2,0.0854,0.0854,0.57
1,0.2,0.2,6000,logreg,weighted + isotonic,0.7685,0.1328,0.0102,0.0177,0.943,-0.062,0.1998,0.2,0.0822,0.0822,0.54
1,0.2,0.2,6000,rf,unweighted,0.774,0.1321,0.0155,0.017,0.958,-0.048,0.2001,0.2,0.084,0.084,0.53
1,0.2,0.2,6000,rf,weighted,0.7747,0.1658,0.1723,0.1723,1.006,-1.07,0.3723,0.2,0.0429,0.0429,0.32
1,0.2,0.2,6000,rf,weighted + Platt,0.7746,0.1323,0.0181,0.0208,1.0,0.001,0.2,0.2,0.0822,0.0822,0.57
1,0.2,0.2,6000,rf,weighted + isotonic,0.7704,0.1324,0.0079,0.0116,0.896,-0.111,0.1994,0.2,0.0835,0.0835,0.57
1,0.2,0.2,6000,hgb,unweighted,0.7545,0.139,0.033,0.0332,0.696,-0.316,0.1961,0.2,0.0794,0.0794,0.52
1,0.2,0.2,6000,hgb,weighted,0.7498,0.1798,0.175,0.175,0.662,-1.154,0.3711,0.2,0.0499,0.0499,0.3
1,0.2,0.2,6000,hgb,weighted + Platt,0.7497,0.1381,0.0229,0.0233,1.0,0.0,0.2,0.2,0.078,0.078,0.54
1,0.2,0.2,6000,hgb,weighted + isotonic,0.7445,0.1374,0.0069,0.013,0.944,-0.064,0.1999,0.2,0.0799,0.0799,0.54
1,0.3,0.3,6000,logreg,unweighted,0.7721,0.167,0.0237,0.0323,0.986,-0.01,0.2999,0.3,0.1267,0.166,0.6
1,0.3,0.3,6000,logreg,weighted,0.7722,0.1914,0.1556,0.1556,0.96,-0.841,0.4556,0.3,0.0724,0.1416,0.6
1,0.3,0.3,6000,logreg,weighted + Platt,0.7717,0.1673,0.0252,0.0312,0.993,-0.006,0.3002,0.3,0.1263,0.1658,0.6
1,0.3,0.3,6000,logreg,weighted + isotonic,0.768,0.1667,0.01,0.0135,0.94,-0.043,0.3001,0.3,0.126,0.1668,0.6
1,0.3,0.3,6000,rf,unweighted,0.7707,0.1656,0.0169,0.0221,0.972,-0.021,0.3001,0.3,0.129,0.1609,0.6
1,0.3,0.3,6000,rf,weighted,0.7705,0.1821,0.1224,0.1224,0.996,-0.679,0.4224,0.3,0.0983,0.1474,0.6
1,0.3,0.3,6000,rf,weighted + Platt,0.7697,0.1662,0.0129,0.0191,0.994,-0.005,0.3001,0.3,0.1277,0.1634,0.6
1,0.3,0.3,6000,rf,weighted + isotonic,0.7661,0.1662,0.0104,0.0175,0.916,-0.062,0.3003,0.3,0.1306,0.1618,0.6
1,0.3,0.3,6000,hgb,unweighted,0.7513,0.174,0.0383,0.0404,0.737,-0.184,0.2995,0.3,0.1166,0.1542,0.6
1,0.3,0.3,6000,hgb,weighted,0.7524,0.1928,0.1302,0.1302,0.743,-0.744,0.4266,0.3,0.0909,0.1501,0.59
1,0.3,0.3,6000,hgb,weighted + Platt,0.7518,0.172,0.0234,0.027,0.991,-0.007,0.3001,0.3,0.118,0.1555,0.6
1,0.3,0.3,6000,hgb,weighted + isotonic,0.7482,0.1716,0.0097,0.0131,0.896,-0.078,0.3003,0.3,0.1198,0.1561,0.6
1,0.4,0.4,6000,logreg,unweighted,0.7821,0.1856,0.0345,0.0378,0.994,-0.002,0.3999,0.4,0.1732,0.2711,0.6
1,0.4,0.4,6000,logreg,weighted,0.7821,0.1905,0.077,0.0792,0.971,-0.402,0.477,0.4,0.1654,0.2652,0.6
1,0.4,0.4,6000,logreg,weighted + Platt,0.782,0.1857,0.0357,0.0382,1.0,0.0,0.4,0.4,0.1739,0.2713,0.6
1,0.4,0.4,6000,logreg,weighted + isotonic,0.7777,0.1842,0.0122,0.0131,0.945,-0.015,0.3995,0.4,0.1734,0.2679,0.6
1,0.4,0.4,6000,rf,unweighted,0.7893,0.1798,0.013,0.0199,1.004,0.002,0.3999,0.4,0.1791,0.2722,0.6
1,0.4,0.4,6000,rf,weighted,0.7894,0.1836,0.0601,0.0603,1.018,-0.324,0.4601,0.4,0.1724,0.2659,0.6
1,0.4,0.4,6000,rf,weighted + Platt,0.7892,0.18,0.013,0.0213,1.0,0.0,0.4,0.4,0.1807,0.273,0.6
1,0.4,0.4,6000,rf,weighted + isotonic,0.7853,0.1804,0.0097,0.0185,0.96,-0.015,0.4003,0.4,0.1794,0.275,0.6
1,0.4,0.4,6000,hgb,unweighted,0.7818,0.1843,0.0265,0.0342,0.81,-0.06,0.3994,0.4,0.1771,0.2708,0.6
1,0.4,0.4,6000,hgb,weighted,0.7805,0.189,0.0675,0.0719,0.81,-0.357,0.4627,0.4,0.1723,0.2672,0.6
1,0.4,0.4,6000,hgb,weighted + Platt,0.7803,0.1842,0.0205,0.0331,0.999,-0.001,0.4,0.4,0.1758,0.2696,0.6
1,0.4,0.4,6000,hgb,weighted + isotonic,0.7775,0.1839,0.0052,0.0108,0.954,-0.015,0.3999,0.4,0.175,0.2698,0.6
1,0.5,0.5,6000,logreg,unweighted,0.7862,0.1891,0.027,0.0301,0.994,0.0,0.4999,0.5,0.2187,0.3836,0.6
1,0.5,0.5,6000,logreg,weighted,0.7862,0.1891,0.027,0.0301,0.994,0.0,0.4999,0.5,0.2187,0.3836,0.6
1,0.5,0.5,6000,logreg,weighted + Platt,0.7861,0.1892,0.0283,0.0312,1.0,-0.0,0.5,0.5,0.218,0.3839,0.6
1,0.5,0.5,6000,logreg,weighted + isotonic,0.7826,0.1894,0.0106,0.0149,0.945,-0.001,0.5001,0.5,0.2142,0.3858,0.6
1,0.5,0.5,6000,rf,unweighted,0.7871,0.187,0.0093,0.0211,1.001,0.004,0.4992,0.5,0.2225,0.385,0.6
1,0.5,0.5,6000,rf,weighted,0.7875,0.1869,0.0097,0.0237,1.003,0.004,0.4992,0.5,0.2207,0.3853,0.6
1,0.5,0.5,6000,rf,weighted + Platt,0.7871,0.187,0.0137,0.0236,0.998,-0.0,0.5,0.5,0.2203,0.3856,0.6
1,0.5,0.5,6000,rf,weighted + isotonic,0.784,0.1871,0.0122,0.017,0.95,-0.002,0.5002,0.5,0.2247,0.3836,0.6
1,0.5,0.5,6000,hgb,unweighted,0.7748,0.1937,0.0371,0.0432,0.774,-0.005,0.5005,0.5,0.2155,0.3801,0.6
1,0.5,0.5,6000,hgb,weighted,0.7748,0.1937,0.0371,0.0432,0.774,-0.005,0.5005,0.5,0.2155,0.3801,0.6
1,0.5,0.5,6000,hgb,weighted + Platt,0.7744,0.193,0.0218,0.0303,0.997,-0.0,0.5,0.5,0.2148,0.3838,0.6
1,0.5,0.5,6000,hgb,weighted + isotonic,0.7708,0.1928,0.0092,0.0176,0.952,-0.0,0.4999,0.5,0.2153,0.3836,0.6
2,0.05,0.05,6000,logreg,unweighted,0.7628,0.0453,0.0091,0.0136,0.965,-0.09,0.05,0.05,0.0216,0.0015,0.24
2,0.05,0.05,6000,logreg,weighted,0.764,0.1857,0.3466,0.3466,0.8,-2.906,0.3966,0.05,0.0001,-0.1534,0.05
2,0.05,0.05,6000,logreg,weighted + Platt,0.7624,0.0455,0.0107,0.0151,0.99,-0.028,0.05,0.05,0.0216,0.002,0.22
2,0.05,0.05,6000,logreg,weighted + isotonic,0.7557,0.0441,0.0031,0.0074,0.899,-0.246,0.05,0.05,0.0224,0.0036,0.22
2,0.05,0.05,6000,rf,unweighted,0.7676,0.0439,0.0066,0.0091,0.874,-0.31,0.0503,0.05,0.0225,0.0043,0.24
2,0.05,0.05,6000,rf,weighted,0.7531,0.0888,0.1812,0.1812,0.993,-1.98,0.2312,0.05,0.003,-0.0698,0.05
2,0.05,0.05,6000,rf,weighted + Platt,0.7515,0.0442,0.0094,0.0106,0.998,-0.005,0.05,0.05,0.0205,0.0017,0.26
2,0.05,0.05,6000,rf,weighted + isotonic,0.7397,0.0438,0.0017,0.0056,0.885,-0.289,0.0502,0.05,0.0198,0.0033,0.24
2,0.05,0.05,6000,hgb,unweighted,0.7269,0.0468,0.0197,0.0202,0.543,-1.047,0.0457,0.05,0.0173,0.0001,0.2
2,0.05,0.05,6000,hgb,weighted,0.7035,0.1047,0.1639,0.1643,0.455,-2.329,0.2139,0.05,0.0086,-0.0553,0.06
2,0.05,0.05,6000,hgb,weighted + Platt,0.703,0.0455,0.0091,0.0126,0.997,-0.008,0.05,0.05,0.0131,-0.0,0.19
2,0.05,0.05,6000,hgb,weighted + isotonic,0.686,0.0455,0.0016,0.0079,0.848,-0.4,0.0499,0.05,0.0139,0.0012,0.22
2,0.1,0.1,6000,logreg,unweighted,0.7995,0.0792,0.0231,0.0246,0.987,-0.023,0.0999,0.1,0.0477,0.0241,0.42
2,0.1,0.1,6000,logreg,weighted,0.7994,0.1786,0.2927,0.2927,0.842,-2.17,0.3927,0.1,0.0066,-0.0784,0.1
2,0.1,0.1,6000,logreg,weighted + Platt,0.7989,0.0792,0.0211,0.0214,1.0,0.0,0.1,0.1,0.0467,0.0232,0.43
2,0.1,0.1,6000,logreg,weighted + isotonic,0.7921,0.0778,0.0048,0.0069,0.91,-0.159,0.1002,0.1,0.0456,0.0262,0.42
2,0.1,0.1,6000,rf,unweighted,0.7993,0.0774,0.0083,0.0104,0.972,-0.047,0.0999,0.1,0.0473,0.0276,0.38
2,0.1,0.1,6000,rf,weighted,0.7982,0.1272,0.1938,0.1938,1.024,-1.597,0.2938,0.1,0.0168,-0.0273,0.12
2,0.1,0.1,6000,rf,weighted + Platt,0.7973,0.0782,0.0081,0.0116,0.994,-0.011,0.1,0.1,0.0455,0.0257,0.45
2,0.1,0.1,6000,rf,weighted + isotonic,0.7917,0.0783,0.0044,0.011,0.904,-0.167,0.0999,0.1,0.045,0.0258,0.42
2,0.1,0.1,6000,hgb,unweighted,0.7833,0.0806,0.0216,0.0216,0.696,-0.466,0.0948,0.1,0.0434,0.0223,0.41
2,0.1,0.1,6000,hgb,weighted,0.779,0.1395,0.1857,0.1857,0.658,-1.734,0.2857,0.1,0.0279,-0.0231,0.14
2,0.1,0.1,6000,hgb,weighted + Platt,0.7789,0.0797,0.0061,0.0102,1.001,0.002,0.0999,0.1,0.0434,0.0203,0.6
2,0.1,0.1,6000,hgb,weighted + isotonic,0.7708,0.0799,0.0041,0.0081,0.924,-0.137,0.1,0.1,0.0421,0.0191,0.6
2,0.15,0.15,6000,logreg,unweighted,0.7774,0.11,0.0317,0.0321,0.981,-0.03,0.1501,0.15,0.0668,0.056,0.49
2,0.15,0.15,6000,logreg,weighted,0.7777,0.1877,0.2707,0.2707,0.881,-1.714,0.4207,0.15,0.01,-0.0345,0.16
2,0.15,0.15,6000,logreg,weighted + Platt,0.7765,0.1102,0.0331,0.0353,0.994,-0.009,0.15,0.15,0.0671,0.0561,0.49
2,0.15,0.15,6000,logreg,weighted + isotonic,0.7689,0.1069,0.008,0.0147,0.947,-0.072,0.1498,0.15,0.0654,0.0563,0.48
2,0.15,0.15,6000,rf,unweighted,0.7865,0.1047,0.0082,0.0139,0.989,-0.02,0.1504,0.15,0.0662,0.0578,0.6
2,0.15,0.15,6000,rf,weighted,0.785,0.1482,0.1915,0.1915,1.041,-1.319,0.3415,0.15,0.0265,-0.0046,0.19
2,0.15,0.15,6000,rf,weighted + Platt,0.7836,0.1056,0.015,0.0174,0.995,-0.007,0.15,0.15,0.0669,0.0566,0.57
2,0.15,0.15,6000,rf,weighted + isotonic,0.7775,0.1056,0.0077,0.0115,0.917,-0.116,0.1501,0.15,0.0667,0.0537,0.6
2,0.15,0.15,6000,hgb,unweighted,0.771,0.1098,0.0257,0.0284,0.737,-0.345,0.1476,0.15,0.0639,0.0528,0.48
2,0.15,0.15,6000,hgb,weighted,0.7703,0.16,0.1901,0.1928,0.718,-1.44,0.3401,0.15,0.0327,0.0048,0.21
2,0.15,0.15,6000,hgb,weighted + Platt,0.7691,0.1085,0.0118,0.0207,0.991,-0.013,0.15,0.15,0.0624,0.0505,0.6
2,0.15,0.15,6000,hgb,weighted + isotonic,0.7622,0.1087,0.0057,0.0136,0.931,-0.098,0.15,0.15,0.0617,0.05,0.55
2,0.2,0.2,6000,logreg,unweighted,0.7934,0.1295,0.0306,0.0322,0.985,-0.019,0.2,0.2,0.0917,0.0917,0.6
2,0.2,0.2,6000,logreg,weighted,0.7934,0.1821,0.2241,0.2241,0.913,-1.372,0.4241,0.2,0.0302,0.0302,0.24
2,0.2,0.2,6000,logreg,weighted + Platt,0.7921,0.1298,0.0283,0.0361,0.993,-0.008,0.1999,0.2,0.0898,0.0898,0.6
2,0.2,0.2,6000,logreg,weighted + isotonic,0.788,0.1277,0.0095,0.0127,0.916,-0.092,0.2,0.2,0.0897,0.0897,0.57
2,0.2,0.2,6000,rf,unweighted,0.7913,0.1271,0.0155,0.0183,0.984,-0.018,0.2001,0.2,0.0923,0.0923,0.58
2,0.2,0.2,6000,rf,weighted,0.7909,0.1601,0.1679,0.1688,1.012,-1.077,0.3678,0.2,0.055,0.055,0.36
2,0.2,0.2,6000,rf,weighted + Platt,0.7899,0.1279,0.0136,0.0187,0.995,-0.006,0.2,0.2,0.0903,0.0903,0.59
2,0.2,0.2,6000,rf,weighted + isotonic,0.7856,0.1279,0.0055,0.0119,0.903,-0.11,0.2003,0.2,0.0917,0.0917,0.59
2,0.2,0.2,6000,hgb,unweighted,0.7731,0.1338,0.0292,0.0301,0.755,-0.242,0.1961,0.2,0.0859,0.0859,0.54
2,0.2,0.2,6000,hgb,weighted,0.7669,0.1733,0.1726,0.1737,0.72,-1.161,0.3702,0.2,0.0542,0.0542,0.34
2,0.2,0.2,6000,hgb,weighted + Platt,0.7662,0.1338,0.0261,0.0296,0.991,-0.01,0.2,0.2,0.0822,0.0822,0.54
2,0.2,0.2,6000,hgb,weighted + isotonic,0.7611,0.1325,0.0063,0.0143,0.95,-0.056,0.2,0.2,0.0821,0.0821,0.52
2,0.3,0.3,6000,logreg,unweighted,0.7867,0.1636,0.0321,0.0337,0.991,-0.007,0.3001,0.3,0.1337,0.1719,0.6
2,0.3,0.3,6000,logreg,weighted,0.7868,0.1866,0.1517,0.1517,0.954,-0.842,0.4517,0.3,0.0881,0.1461,0.6
2,0.3,0.3,6000,logreg,weighted + Platt,0.7863,0.164,0.0302,0.0315,0.997,-0.003,0.3,0.3,0.1329,0.1717,0.6
2,0.3,0.3,6000,logreg,weighted + isotonic,0.7821,0.1633,0.0104,0.0124,0.949,-0.034,0.3,0.3,0.1325,0.1705,0.6
2,0.3,0.3,6000,rf,unweighted,0.787,0.1607,0.0117,0.0158,1.0,0.002,0.2998,0.3,0.1298,0.1722,0.6
2,0.3,0.3,6000,rf,weighted,0.7864,0.1769,0.1194,0.1194,1.022,-0.676,0.4194,0.3,0.1094,0.1536,0.6
2,0.3,0.3,6000,rf,weighted + Platt,0.7861,0.1614,0.014,0.015,0.998,-0.002,0.3001,0.3,0.1302,0.1731,0.6
2,0.3,0.3,6000,rf,weighted + isotonic,0.7797,0.1619,0.0077,0.0224,0.92,-0.054,0.2999,0.3,0.1295,0.1725,0.6
2,0.3,0.3,6000,hgb,unweighted,0.7726,0.167,0.0294,0.0334,0.785,-0.146,0.3,0.3,0.1243,0.1638,0.6
2,0.3,0.3,6000,hgb,weighted,0.7701,0.1866,0.1246,0.1259,0.777,-0.738,0.4235,0.3,0.0988,0.1566,0.6
2,0.3,0.3,6000,hgb,weighted + Platt,0.7699,0.1665,0.0227,0.0229,0.998,-0.002,0.3001,0.3,0.1217,0.1617,0.6
2,0.3,0.3,6000,hgb,weighted + isotonic,0.766,0.1666,0.0104,0.0163,0.948,-0.036,0.3,0.3,0.1245,0.1605,0.6
2,0.4,0.4,6000,logreg,unweighted,0.7879,0.1832,0.0458,0.0461,0.991,-0.004,0.4,0.4,0.1837,0.2715,0.6
2,0.4,0.4,6000,logreg,weighted,0.7878,0.1879,0.0773,0.0792,0.968,-0.402,0.4761,0.4,0.1697,0.2637,0.6
2,0.4,0.4,6000,logreg,weighted + Platt,0.7877,0.1834,0.0452,0.0452,0.999,-0.001,0.4001,0.4,0.1831,0.271,0.6
2,0.4,0.4,6000,logreg,weighted + isotonic,0.784,0.1813,0.0071,0.014,0.96,-0.012,0.3999,0.4,0.1822,0.271,0.6
2,0.4,0.4,6000,rf,unweighted,0.7877,0.1803,0.0098,0.0221,0.99,-0.003,0.3999,0.4,0.1798,0.2734,0.6
2,0.4,0.4,6000,rf,weighted,0.7868,0.1847,0.0599,0.0601,0.995,-0.325,0.4599,0.4,0.1705,0.2697,0.6
2,0.4,0.4,6000,rf,weighted + Platt,0.7867,0.181,0.0131,0.0319,0.999,-0.001,0.4001,0.4,0.1783,0.2745,0.6
2,0.4,0.4,6000,rf,weighted + isotonic,0.7839,0.181,0.0095,0.0193,0.959,-0.012,0.3998,0.4,0.1769,0.2727,0.6
2,0.4,0.4,6000,hgb,unweighted,0.7749,0.1867,0.031,0.0367,0.786,-0.07,0.3999,0.4,0.1744,0.2661,0.6
2,0.4,0.4,6000,hgb,weighted,0.7752,0.1909,0.069,0.0711,0.788,-0.356,0.4626,0.4,0.1674,0.2671,0.6
2,0.4,0.4,6000,hgb,weighted + Platt,0.775,0.1857,0.0272,0.0318,0.999,-0.001,0.4001,0.4,0.1737,0.2668,0.6
2,0.4,0.4,6000,hgb,weighted + isotonic,0.7715,0.1851,0.0079,0.0167,0.949,-0.02,0.4005,0.4,0.1755,0.2662,0.6
2,0.5,0.5,6000,logreg,unweighted,0.7924,0.1858,0.0301,0.0377,0.992,-0.001,0.5,0.5,0.2253,0.3815,0.6
2,0.5,0.5,6000,logreg,weighted,0.7924,0.1858,0.0301,0.0377,0.992,-0.001,0.5,0.5,0.2253,0.3815,0.6
2,0.5,0.5,6000,logreg,weighted + Platt,0.7921,0.186,0.0314,0.0392,0.997,-0.0,0.5,0.5,0.2257,0.3805,0.6
2,0.5,0.5,6000,logreg,weighted + isotonic,0.7889,0.1852,0.009,0.0123,0.95,-0.002,0.5,0.5,0.2223,0.381,0.6
2,0.5,0.5,6000,rf,unweighted,0.7937,0.1839,0.0144,0.0177,1.01,0.008,0.4986,0.5,0.2253,0.3835,0.6
2,0.5,0.5,6000,rf,weighted,0.7942,0.1837,0.0181,0.0226,1.01,0.008,0.4986,0.5,0.225,0.3845,0.6
2,0.5,0.5,6000,rf,weighted + Platt,0.794,0.1838,0.0163,0.0222,0.999,0.0,0.5,0.5,0.2248,0.3838,0.6
2,0.5,0.5,6000,rf,weighted + isotonic,0.7907,0.184,0.0053,0.0157,0.942,-0.003,0.5001,0.5,0.2253,0.3831,0.6
2,0.5,0.5,6000,hgb,unweighted,0.7833,0.1904,0.0334,0.0335,0.781,-0.01,0.4999,0.5,0.2175,0.3798,0.6
2,0.5,0.5,6000,hgb,weighted,0.7833,0.1904,0.0334,0.0335,0.781,-0.01,0.4999,0.5,0.2175,0.3798,0.6
2,0.5,0.5,6000,hgb,weighted + Platt,0.7831,0.1896,0.0188,0.0276,0.997,-0.0,0.5,0.5,0.2177,0.381,0.6
2,0.5,0.5,6000,hgb,weighted + isotonic,0.7796,0.1894,0.0049,0.0177,0.946,0.0,0.4996,0.5,0.2207,0.3802,0.6
