rep,target_prevalence,actual_prevalence,algo,theoretical_shift,shift_median,shift_mean,shift_sd,f_direct_median,f_direct_mean,shift_vs_logodds_slope,clipped_fraction,calib_slope_unw,calib_intercept_unw,calib_slope_w,calib_intercept_w
0,0.05,0.05,logreg,2.9444,2.8105,2.8259,0.2148,0.9545,0.9598,0.196,0.0,0.9824,-0.0444,0.8132,-2.9108
0,0.05,0.05,rf,2.9444,2.1268,2.0976,0.4372,0.7223,0.7124,-0.1223,0.0,0.8655,-0.3304,0.9588,-1.9943
0,0.05,0.05,hgb,2.9444,2.1292,2.05,0.7144,0.7231,0.6962,0.0609,0.00983,0.6063,-0.8632,0.5401,-2.2382
0,0.1,0.1,logreg,2.1972,2.0841,2.1065,0.192,0.9485,0.9587,0.1651,0.0,0.9707,-0.0536,0.8334,-2.1685
0,0.1,0.1,rf,2.1972,1.6397,1.6258,0.3096,0.7463,0.7399,-0.0548,0.0,0.9482,-0.0928,1.0103,-1.5633
0,0.1,0.1,hgb,2.1972,1.7642,1.7051,0.5546,0.8029,0.776,0.0621,0.00133,0.6469,-0.5636,0.5998,-1.741
0,0.15,0.15,logreg,1.7346,1.6562,1.6762,0.1511,0.9548,0.9663,0.1408,0.0,0.9923,-0.0109,0.8669,-1.7203
0,0.15,0.15,rf,1.7346,1.3506,1.3348,0.2261,0.7786,0.7695,-0.0406,0.0,0.9845,-0.0283,1.0286,-1.3102
0,0.15,0.15,hgb,1.7346,1.4692,1.4044,0.4461,0.847,0.8096,0.0618,0.0,0.7317,-0.3469,0.6833,-1.4277
0,0.2,0.2,logreg,1.3863,1.3303,1.3454,0.1188,0.9596,0.9705,0.1097,0.0,0.9892,-0.0146,0.8918,-1.3749
0,0.2,0.2,rf,1.3863,1.1205,1.0949,0.203,0.8083,0.7898,-0.0239,0.0,0.9784,-0.0265,1.0105,-1.0864
0,0.2,0.2,hgb,1.3863,1.1981,1.1462,0.3851,0.8643,0.8268,0.0429,0.0,0.7309,-0.2767,0.7191,-1.1537
0,0.3,0.3,logreg,0.8473,0.8252,0.831,0.0642,0.9739,0.9808,0.0438,0.0,0.9883,-0.009,0.9467,-0.8403
0,0.3,0.3,rf,0.8473,0.6967,0.6814,0.1339,0.8222,0.8042,-0.0219,0.0,0.9934,-0.0066,1.0157,-0.6765
0,0.3,0.3,hgb,0.8473,0.7531,0.7298,0.2712,0.8888,0.8614,0.0081,0.0,0.7775,-0.1421,0.7725,-0.7237
0,0.4,0.4,logreg,0.4055,0.3978,0.4011,0.0308,0.9812,0.9892,0.0224,0.0,0.9889,-0.0055,0.9666,-0.4037
0,0.4,0.4,rf,0.4055,0.3369,0.3264,0.0924,0.8308,0.805,-0.01,0.0,1.0083,0.0054,1.0195,-0.3247
0,0.4,0.4,hgb,0.4055,0.3614,0.354,0.207,0.8913,0.873,0.0,0.0,0.7547,-0.0741,0.7545,-0.3467
0,0.5,0.5,logreg,-0.0,0.0,0.0,0.0,,,0.0,0.0,0.9933,-0.0008,0.9933,-0.0008
0,0.5,0.5,rf,-0.0,-0.0,0.0001,0.0683,,,-0.0013,0.0,1.0071,-0.0002,1.0066,-0.0004
0,0.5,0.5,hgb,-0.0,0.0,0.0,0.0,,,0.0,0.0,0.7751,-0.0156,0.7751,-0.0156
1,0.05,0.05,logreg,2.9444,2.7579,2.775,0.3055,0.9367,0.9425,0.3249,0.0,0.9627,-0.1004,0.7365,-2.9067
1,0.05,0.05,rf,2.9444,2.0904,2.0553,0.4461,0.7099,0.698,-0.1047,0.00017,0.86,-0.3391,0.9348,-1.9776
1,0.05,0.05,hgb,2.9444,2.1857,2.1131,0.6638,0.7423,0.7176,0.0251,0.01033,0.5622,-0.9568,0.4898,-2.2554
1,0.1,0.1,logreg,2.1972,2.1239,2.1358,0.1343,0.9666,0.9721,0.1301,0.0,0.9712,-0.0556,0.8622,-2.1769
1,0.1,0.1,rf,2.1972,1.6463,1.6246,0.3072,0.7493,0.7394,-0.0454,0.0,0.9171,-0.1554,0.9453,-1.6124
1,0.1,0.1,hgb,2.1972,1.7891,1.7207,0.5326,0.8143,0.7831,0.0549,0.0,0.6251,-0.6304,0.5759,-1.776
1,0.15,0.15,logreg,1.7346,1.6402,1.6667,0.1491,0.9456,0.9609,0.1312,0.0,0.9729,-0.0403,0.8616,-1.7103
1,0.15,0.15,rf,1.7346,1.3751,1.357,0.2421,0.7927,0.7823,-0.0547,0.0,0.9731,-0.0326,1.0231,-1.3064
1,0.15,0.15,hgb,1.7346,1.4995,1.4384,0.444,0.8645,0.8292,0.0277,0.0,0.7139,-0.3733,0.7079,-1.4332
1,0.2,0.2,logreg,1.3863,1.3419,1.3549,0.1086,0.968,0.9774,0.0916,0.0,0.9784,-0.0267,0.8975,-1.3763
1,0.2,0.2,rf,1.3863,1.1036,1.0846,0.1939,0.796,0.7824,-0.0322,0.0,0.9578,-0.0479,1.0058,-1.0703
1,0.2,0.2,hgb,1.3863,1.2028,1.1635,0.3588,0.8676,0.8393,0.027,0.0,0.6959,-0.3164,0.6619,-1.1545
1,0.3,0.3,logreg,0.8473,0.8322,0.8391,0.0408,0.9821,0.9903,0.0259,0.0,0.9858,-0.0102,0.9598,-0.8414
1,0.3,0.3,rf,0.8473,0.7011,0.6835,0.1276,0.8275,0.8067,-0.0257,0.0,0.9716,-0.0209,0.9956,-0.6791
1,0.3,0.3,hgb,0.8473,0.7678,0.7456,0.255,0.9062,0.88,-0.0029,0.0,0.7374,-0.1838,0.7429,-0.7435
1,0.4,0.4,logreg,0.4055,0.3958,0.4013,0.0309,0.9763,0.9897,0.0242,0.0,0.9941,-0.0016,0.9706,-0.4021
1,0.4,0.4,rf,0.4055,0.3348,0.3261,0.0905,0.8258,0.8043,-0.0142,0.0,1.0043,0.0022,1.0183,-0.3239
1,0.4,0.4,hgb,0.4055,0.376,0.3624,0.2067,0.9272,0.8937,-0.0065,0.0,0.8101,-0.0602,0.8098,-0.3573
1,0.5,0.5,logreg,-0.0,0.0,0.0,0.0,,,0.0,0.0,0.9943,0.0001,0.9943,0.0001
1,0.5,0.5,rf,-0.0,0.001,0.0001,0.0676,,,-0.0015,0.0,1.0009,0.0043,1.0028,0.0041
1,0.5,0.5,hgb,-0.0,0.0,0.0,0.0,,,0.0,0.0,0.7739,-0.0049,0.7739,-0.0049
2,0.05,0.05,logreg,2.9444,2.8169,2.849,0.1958,0.9567,0.9676,0.1648,0.0,0.9655,-0.0898,0.7996,-2.9061
2,0.05,0.05,rf,2.9444,2.1953,2.1492,0.4454,0.7456,0.7299,-0.1861,0.0,0.8737,-0.3103,0.9927,-1.9802
2,0.05,0.05,hgb,2.9444,2.1806,2.1061,0.6815,0.7406,0.7153,0.0767,0.01533,0.5434,-1.0469,0.4548,-2.329
2,0.1,0.1,logreg,2.1972,2.0886,2.1021,0.1894,0.9506,0.9567,0.1661,0.0,0.9868,-0.0232,0.8425,-2.1702
2,0.1,0.1,rf,2.1972,1.6789,1.6367,0.3248,0.7641,0.7449,-0.0419,0.0,0.9722,-0.0471,1.0238,-1.597
2,0.1,0.1,hgb,2.1972,1.7798,1.7103,0.5389,0.81,0.7784,0.0569,0.00017,0.6961,-0.4657,0.6581,-1.7342
2,0.15,0.15,logreg,1.7346,1.6681,1.68,0.1259,0.9617,0.9685,0.1137,0.0,0.9813,-0.0299,0.8814,-1.7139
2,0.15,0.15,rf,1.7346,1.3742,1.3456,0.2291,0.7923,0.7758,-0.0427,0.0,0.9886,-0.0201,1.0406,-1.3194
2,0.15,0.15,hgb,1.7346,1.4889,1.4343,0.4231,0.8584,0.8269,0.029,0.0005,0.7369,-0.345,0.7185,-1.4398
2,0.2,0.2,logreg,1.3863,1.3381,1.3489,0.0973,0.9653,0.973,0.0777,0.0,0.9846,-0.0189,0.9131,-1.3716
2,0.2,0.2,rf,1.3863,1.1144,1.0942,0.1833,0.8039,0.7893,-0.0349,0.0,0.984,-0.0183,1.0119,-1.0771
2,0.2,0.2,hgb,1.3863,1.2249,1.178,0.361,0.8835,0.8498,0.0281,0.00017,0.7555,-0.242,0.7198,-1.1614
2,0.3,0.3,logreg,0.8473,0.8294,0.8334,0.0573,0.9788,0.9836,0.0368,0.0,0.9909,-0.0073,0.9541,-0.8416
2,0.3,0.3,rf,0.8473,0.6985,0.6813,0.1295,0.8244,0.8041,-0.0201,0.0,1.0005,0.0016,1.0223,-0.6765
2,0.3,0.3,hgb,0.8473,0.7698,0.7366,0.2787,0.9085,0.8694,0.0082,0.0,0.7848,-0.1455,0.7773,-0.7378
2,0.4,0.4,logreg,0.4055,0.3974,0.4006,0.0316,0.98,0.988,0.0238,0.0,0.9907,-0.0036,0.9679,-0.4022
2,0.4,0.4,rf,0.4055,0.3359,0.3262,0.0906,0.8283,0.8044,-0.0118,0.0,0.99,-0.0026,0.9953,-0.3247
2,0.4,0.4,hgb,0.4055,0.3697,0.3588,0.1951,0.9117,0.8849,-0.0025,0.0,0.7862,-0.0697,0.7876,-0.3563
2,0.5,0.5,logreg,-0.0,0.0,0.0,0.0,,,0.0,0.0,0.9918,-0.0005,0.9918,-0.0005
2,0.5,0.5,rf,-0.0,-0.0007,0.0004,0.0676,,,0.0011,0.0,1.0104,0.0079,1.0102,0.0081
2,0.5,0.5,hgb,-0.0,0.0,0.0,0.0,,,0.0,0.0,0.7813,-0.0097,0.7813,-0.0097
3,0.05,0.05,logreg,2.9444,2.8136,2.836,0.2221,0.9556,0.9632,0.2172,0.0,0.943,-0.1495,0.7669,-2.9031
3,0.05,0.05,rf,2.9444,2.123,2.0863,0.4252,0.721,0.7085,-0.1614,0.0,0.8249,-0.4345,0.911,-1.9943
3,0.05,0.05,hgb,2.9444,2.2539,2.1698,0.7188,0.7655,0.7369,-0.0079,0.00167,0.536,-1.0704,0.4516,-2.3377
3,0.1,0.1,logreg,2.1972,2.0953,2.1177,0.1594,0.9536,0.9638,0.144,0.0,0.9794,-0.0378,0.8505,-2.1681
3,0.1,0.1,rf,2.1972,1.6445,1.622,0.294,0.7484,0.7382,-0.0516,0.0,0.9246,-0.1369,0.9545,-1.5981
3,0.1,0.1,hgb,2.1972,1.7631,1.6903,0.5559,0.8024,0.7693,0.0634,0.00017,0.6581,-0.5517,0.628,-1.7445
3,0.15,0.15,logreg,1.7346,1.6599,1.6828,0.1361,0.9569,0.9701,0.1216,0.0,0.9833,-0.0251,0.8747,-1.7208
3,0.15,0.15,rf,1.7346,1.3636,1.3508,0.23,0.7861,0.7788,-0.0581,0.0,0.9693,-0.0434,1.0147,-1.308
3,0.15,0.15,hgb,1.7346,1.5031,1.4514,0.4147,0.8666,0.8367,0.0387,0.0,0.7029,-0.3801,0.6728,-1.4385
3,0.2,0.2,logreg,1.3863,1.3399,1.3498,0.0981,0.9665,0.9737,0.0827,0.0,0.9906,-0.0097,0.916,-1.3727
3,0.2,0.2,rf,1.3863,1.1161,1.0975,0.1864,0.8051,0.7916,-0.0438,0.0,0.9873,-0.0137,1.0282,-1.0715
3,0.2,0.2,hgb,1.3863,1.2017,1.17,0.3462,0.8668,0.844,0.008,0.0,0.741,-0.2664,0.7276,-1.153
3,0.3,0.3,logreg,0.8473,0.8199,0.8292,0.0669,0.9677,0.9786,0.05,0.0,0.9917,-0.0082,0.9435,-0.8406
3,0.3,0.3,rf,0.8473,0.6961,0.6773,0.1356,0.8216,0.7993,-0.0206,0.0,0.9933,-0.0021,1.0235,-0.6702
3,0.3,0.3,hgb,0.8473,0.7584,0.7299,0.2775,0.8951,0.8615,0.0052,0.0,0.761,-0.1669,0.7608,-0.7349
3,0.4,0.4,logreg,0.4055,0.3953,0.4,0.0377,0.975,0.9865,0.0275,0.0,0.9915,-0.0026,0.9646,-0.4015
3,0.4,0.4,rf,0.4055,0.3326,0.3235,0.094,0.8202,0.7978,-0.0091,0.0,1.0171,0.0031,1.0278,-0.3275
3,0.4,0.4,hgb,0.4055,0.365,0.3546,0.2129,0.9001,0.8745,-0.003,0.0,0.7954,-0.0676,0.7923,-0.3557
3,0.5,0.5,logreg,-0.0,0.0,0.0,0.0,,,0.0,0.0,0.9916,-0.0006,0.9916,-0.0006
3,0.5,0.5,rf,-0.0,0.0006,-0.001,0.0676,,,-0.0035,0.0,1.0194,-0.0016,1.0208,-0.0015
3,0.5,0.5,hgb,-0.0,0.0,0.0,0.0,,,0.0,0.0,0.7958,-0.0182,0.7958,-0.0182
4,0.05,0.05,logreg,2.9444,2.7617,2.7866,0.2981,0.9379,0.9464,0.3034,0.0,0.9621,-0.0949,0.7414,-2.9058
4,0.05,0.05,rf,2.9444,2.0578,2.0304,0.4632,0.6989,0.6896,-0.0784,0.0,0.8615,-0.3268,0.891,-1.99
4,0.05,0.05,hgb,2.9444,2.1167,2.0132,0.7499,0.7189,0.6837,0.0855,0.02217,0.5083,-1.1083,0.4341,-2.2884
4,0.1,0.1,logreg,2.1972,2.1025,2.1158,0.1815,0.9569,0.9629,0.1642,0.0,0.9768,-0.0445,0.8307,-2.1709
4,0.1,0.1,rf,2.1972,1.6411,1.6315,0.3121,0.7469,0.7425,-0.0528,0.0,0.9625,-0.0771,1.0333,-1.5918
4,0.1,0.1,hgb,2.1972,1.8003,1.7213,0.535,0.8193,0.7834,0.0552,0.0,0.6662,-0.5441,0.6267,-1.7575
4,0.15,0.15,logreg,1.7346,1.6806,1.6886,0.131,0.9689,0.9735,0.1074,0.0,0.9803,-0.0304,0.8853,-1.7221
4,0.15,0.15,rf,1.7346,1.3524,1.3304,0.2447,0.7797,0.767,-0.0239,0.0,0.9649,-0.0543,0.9985,-1.3165
4,0.15,0.15,hgb,1.7346,1.4668,1.4029,0.4434,0.8456,0.8088,0.0592,0.0,0.6909,-0.4098,0.6544,-1.4322
4,0.2,0.2,logreg,1.3863,1.338,1.3485,0.1164,0.9652,0.9727,0.0977,0.0,0.9894,-0.0128,0.9014,-1.3756
4,0.2,0.2,rf,1.3863,1.1246,1.1068,0.1957,0.8112,0.7984,-0.0465,0.0,0.976,-0.0265,1.017,-1.0783
4,0.2,0.2,hgb,1.3863,1.2133,1.1644,0.3626,0.8752,0.8399,0.0331,0.0,0.7273,-0.2841,0.7246,-1.1612
4,0.3,0.3,logreg,0.8473,0.8251,0.8324,0.0485,0.9738,0.9824,0.0337,0.0,0.9877,-0.0079,0.9555,-0.8373
4,0.3,0.3,rf,0.8473,0.7038,0.686,0.1321,0.8307,0.8096,-0.0257,0.0,0.987,-0.0041,1.0154,-0.6744
4,0.3,0.3,hgb,0.8473,0.7575,0.7409,0.2594,0.894,0.8745,-0.0019,0.0,0.7663,-0.149,0.7662,-0.7247
4,0.4,0.4,logreg,0.4055,0.3986,0.4015,0.0172,0.983,0.9902,0.0112,0.0,0.9906,-0.0031,0.9794,-0.4018
4,0.4,0.4,rf,0.4055,0.3377,0.3276,0.0939,0.8329,0.808,-0.0127,0.0,1.008,0.0052,1.0185,-0.3255
4,0.4,0.4,hgb,0.4055,0.3674,0.356,0.2066,0.9061,0.8781,-0.007,0.0,0.8053,-0.0765,0.8068,-0.3671
4,0.5,0.5,logreg,-0.0,0.0,0.0,0.0,,,0.0,0.0,0.9845,0.0005,0.9845,0.0005
4,0.5,0.5,rf,-0.0,0.0007,0.001,0.0663,,,-0.0009,0.0,1.0107,0.0049,1.0108,0.0043
4,0.5,0.5,hgb,-0.0,0.0,0.0,0.0,,,0.0,0.0,0.8206,-0.0051,0.8206,-0.0051
5,0.05,0.05,logreg,2.9444,2.8035,2.8206,0.215,0.9521,0.9579,0.1804,0.0,0.9869,-0.0323,0.8128,-2.9093
5,0.05,0.05,rf,2.9444,2.0869,2.0626,0.4347,0.7088,0.7005,-0.1371,0.0,0.9021,-0.229,0.9896,-1.9156
5,0.05,0.05,hgb,2.9444,2.1857,2.1062,0.6867,0.7423,0.7153,0.0357,0.013,0.5575,-0.9793,0.4963,-2.2632
5,0.1,0.1,logreg,2.1972,2.0875,2.1173,0.1991,0.9501,0.9636,0.1495,0.0,0.9868,-0.0222,0.8422,-2.172
5,0.1,0.1,rf,2.1972,1.6577,1.6373,0.3079,0.7544,0.7452,-0.063,0.0,0.9538,-0.076,1.0124,-1.5641
5,0.1,0.1,hgb,2.1972,1.8018,1.7217,0.5401,0.8201,0.7836,0.0447,0.00083,0.6472,-0.5848,0.6198,-1.7598
5,0.15,0.15,logreg,1.7346,1.6714,1.6852,0.1174,0.9636,0.9715,0.102,0.0,0.9854,-0.0219,0.8939,-1.7181
5,0.15,0.15,rf,1.7346,1.3659,1.3462,0.2223,0.7874,0.7761,-0.0487,0.0,0.9692,-0.0463,1.0059,-1.3158
5,0.15,0.15,hgb,1.7346,1.4772,1.4232,0.4508,0.8516,0.8205,0.0238,0.0,0.7075,-0.3725,0.6868,-1.4161
5,0.2,0.2,logreg,1.3863,1.3339,1.3513,0.0967,0.9622,0.9748,0.0842,0.0,0.9836,-0.0184,0.9059,-1.3714
5,0.2,0.2,rf,1.3863,1.1071,1.0845,0.1906,0.7986,0.7823,-0.0248,0.0,0.9759,-0.0277,1.0058,-1.0757
5,0.2,0.2,hgb,1.3863,1.2025,1.1567,0.3657,0.8674,0.8344,0.0345,0.0,0.7488,-0.2608,0.7191,-1.1618
5,0.3,0.3,logreg,0.8473,0.822,0.8321,0.0662,0.9702,0.9821,0.048,0.0,0.9873,-0.0085,0.9414,-0.8397
5,0.3,0.3,rf,0.8473,0.6939,0.6784,0.128,0.819,0.8007,-0.0205,0.0,1.0073,0.0061,1.0268,-0.6717
5,0.3,0.3,hgb,0.8473,0.7567,0.7323,0.2621,0.8931,0.8642,0.0112,0.0,0.8045,-0.1254,0.7927,-0.7296
5,0.4,0.4,logreg,0.4055,0.3994,0.4018,0.0243,0.985,0.991,0.0141,0.0,0.9865,-0.0051,0.9722,-0.4023
5,0.4,0.4,rf,0.4055,0.3372,0.3273,0.0933,0.8316,0.8072,-0.0136,0.0,1.0048,0.0039,1.0155,-0.325
5,0.4,0.4,hgb,0.4055,0.3679,0.3544,0.2318,0.9073,0.8741,-0.0088,0.0,0.7855,-0.0657,0.7889,-0.3477
5,0.5,0.5,logreg,-0.0,0.0,0.0,0.0,,,0.0,0.0,0.9887,0.0001,0.9887,0.0001
5,0.5,0.5,rf,-0.0,0.0021,0.0024,0.0674,,,-0.0022,0.0,1.0067,0.0064,1.0124,0.004
5,0.5,0.5,hgb,-0.0,0.0,0.0,0.0,,,0.0,0.0,0.7948,-0.0108,0.7948,-0.0108
6,0.05,0.05,logreg,2.9444,2.7923,2.8199,0.2286,0.9483,0.9577,0.2211,0.0,0.9611,-0.1018,0.7731,-2.9025
6,0.05,0.05,rf,2.9444,2.1046,2.0815,0.4356,0.7148,0.7069,-0.126,0.0,0.842,-0.3913,0.923,-2.0004
6,0.05,0.05,hgb,2.9444,2.1543,2.0751,0.6947,0.7316,0.7047,0.0742,0.01483,0.5051,-1.1461,0.4415,-2.3123
6,0.1,0.1,logreg,2.1972,2.1063,2.124,0.1328,0.9586,0.9667,0.1068,0.0,0.9853,-0.0268,0.8886,-2.1657
6,0.1,0.1,rf,2.1972,1.6443,1.628,0.2944,0.7483,0.7409,-0.0491,0.0,0.9519,-0.0945,0.9987,-1.5942
6,0.1,0.1,hgb,2.1972,1.7691,1.6982,0.5468,0.8052,0.7729,0.0682,0.0,0.6633,-0.5486,0.6294,-1.7516
6,0.15,0.15,logreg,1.7346,1.6512,1.6712,0.1646,0.9519,0.9634,0.156,0.0,0.9723,-0.0447,0.8422,-1.719
6,0.15,0.15,rf,1.7346,1.3462,1.3321,0.2262,0.7761,0.768,-0.0345,0.0,0.9693,-0.048,1.0095,-1.3119
6,0.15,0.15,hgb,1.7346,1.4867,1.4321,0.4316,0.8571,0.8256,0.0323,0.0,0.713,-0.3573,0.6818,-1.4222
6,0.2,0.2,logreg,1.3863,1.3353,1.3517,0.1057,0.9632,0.975,0.0841,0.0,0.9879,-0.0149,0.9072,-1.3737
6,0.2,0.2,rf,1.3863,1.1008,1.0861,0.1842,0.794,0.7834,-0.0353,0.0,0.9936,-0.0071,1.0373,-1.0643
6,0.2,0.2,hgb,1.3863,1.2003,1.154,0.3566,0.8659,0.8324,0.0365,0.0,0.7314,-0.2863,0.6973,-1.1631
6,0.3,0.3,logreg,0.8473,0.8218,0.8287,0.0742,0.97,0.978,0.0567,0.0,0.9921,-0.0067,0.9385,-0.8406
6,0.3,0.3,rf,0.8473,0.6936,0.6791,0.1319,0.8186,0.8014,-0.0129,0.0,0.9922,-0.0054,1.0098,-0.6785
6,0.3,0.3,hgb,0.8473,0.7583,0.7339,0.2784,0.895,0.8661,0.0077,0.0,0.7781,-0.1472,0.7732,-0.7324
6,0.4,0.4,logreg,0.4055,0.3986,0.4008,0.0244,0.9832,0.9885,0.0133,0.0,0.9864,-0.0051,0.9729,-0.4022
6,0.4,0.4,rf,0.4055,0.3357,0.326,0.0931,0.8281,0.8039,-0.0108,0.0,1.0003,0.0015,1.0096,-0.325
6,0.4,0.4,hgb,0.4055,0.3674,0.3547,0.2184,0.9062,0.8748,-0.0093,0.0,0.7884,-0.0789,0.7941,-0.3646
6,0.5,0.5,logreg,-0.0,0.0,0.0,0.0,,,0.0,0.0,0.9938,-0.0006,0.9938,-0.0006
6,0.5,0.5,rf,-0.0,-0.0006,-0.0006,0.0645,,,-0.0019,0.0,1.0003,0.002,1.0037,0.0025
6,0.5,0.5,hgb,-0.0,0.0,0.0,0.0,,,0.0,0.0,0.7918,-0.0058,0.7918,-0.0058
7,0.05,0.05,logreg,2.9444,2.8291,2.8462,0.2164,0.9608,0.9666,0.2341,0.0,0.9724,-0.073,0.794,-2.9244
7,0.05,0.05,rf,2.9444,2.0865,2.0673,0.4694,0.7086,0.7021,-0.1048,0.00033,0.8664,-0.3393,0.947,-2.0001
7,0.05,0.05,hgb,2.9444,2.0845,2.0118,0.7461,0.708,0.6833,0.087,0.0105,0.5296,-1.0841,0.4105,-2.333
7,0.1,0.1,logreg,2.1972,2.0837,2.1155,0.1969,0.9483,0.9628,0.1801,0.0,0.9586,-0.0776,0.8026,-2.1699
7,0.1,0.1,rf,2.1972,1.6455,1.6276,0.3064,0.7489,0.7407,-0.0517,0.0,0.9462,-0.1017,0.9955,-1.5832
7,0.1,0.1,hgb,2.1972,1.8082,1.7262,0.5479,0.8229,0.7856,0.0484,0.00033,0.6512,-0.5728,0.5925,-1.7638
7,0.15,0.15,logreg,1.7346,1.6667,1.6804,0.1215,0.9609,0.9687,0.1084,0.0,0.9819,-0.0293,0.886,-1.7171
7,0.15,0.15,rf,1.7346,1.3441,1.3196,0.2416,0.7749,0.7607,-0.025,0.0,0.958,-0.0666,0.9978,-1.3079
7,0.15,0.15,hgb,1.7346,1.4697,1.4198,0.4249,0.8473,0.8185,0.0557,0.0,0.728,-0.3544,0.7024,-1.4406
7,0.2,0.2,logreg,1.3863,1.3374,1.3503,0.0965,0.9647,0.974,0.0786,0.0,0.986,-0.016,0.914,-1.3725
7,0.2,0.2,rf,1.3863,1.1084,1.0892,0.1874,0.7996,0.7857,-0.0238,0.0,0.9821,-0.0145,1.0043,-1.0732
7,0.2,0.2,hgb,1.3863,1.2181,1.1657,0.3782,0.8787,0.8409,0.0311,0.0,0.7496,-0.2516,0.7141,-1.1552
7,0.3,0.3,logreg,0.8473,0.8253,0.8328,0.0583,0.9741,0.9829,0.0402,0.0,0.9915,-0.0078,0.952,-0.841
7,0.3,0.3,rf,0.8473,0.6964,0.6841,0.1257,0.8219,0.8074,-0.0236,0.0,0.9886,-0.0114,1.0175,-0.6805
7,0.3,0.3,hgb,0.8473,0.7646,0.7416,0.2614,0.9024,0.8752,-0.0057,0.0,0.7549,-0.1697,0.7532,-0.7382
7,0.4,0.4,logreg,0.4055,0.398,0.401,0.0301,0.9815,0.9891,0.0201,0.0,0.9913,-0.0036,0.9717,-0.4031
7,0.4,0.4,rf,0.4055,0.3315,0.3244,0.0913,0.8175,0.8,-0.0102,0.0,1.0083,0.0004,1.021,-0.3273
7,0.4,0.4,hgb,0.4055,0.3649,0.357,0.2157,0.9,0.8804,-0.0065,0.0,0.7963,-0.0688,0.7959,-0.3572
7,0.5,0.5,logreg,-0.0,0.0,0.0,0.0,,,0.0,0.0,0.9894,-0.0,0.9894,-0.0
7,0.5,0.5,rf,-0.0,0.0029,0.0034,0.0684,,,-0.0009,0.0,0.9924,0.0008,0.9908,-0.0023
7,0.5,0.5,hgb,-0.0,0.0,0.0,0.0,,,0.0,0.0,0.7827,-0.0134,0.7827,-0.0134
8,0.05,0.05,logreg,2.9444,2.8016,2.8149,0.2325,0.9515,0.956,0.2047,0.0,0.9644,-0.0945,0.7808,-2.9026
8,0.05,0.05,rf,2.9444,2.1194,2.0867,0.4512,0.7198,0.7087,-0.1091,0.0,0.8623,-0.3416,0.9392,-2.0003
8,0.05,0.05,hgb,2.9444,2.1598,2.0926,0.7185,0.7335,0.7107,0.0618,0.009,0.5309,-1.063,0.4737,-2.2945
8,0.1,0.1,logreg,2.1972,2.1016,2.12,0.1642,0.9565,0.9648,0.171,0.0,0.9725,-0.0507,0.8347,-2.1732
8,0.1,0.1,rf,2.1972,1.684,1.6674,0.3109,0.7664,0.7589,-0.0672,0.0,0.9274,-0.1238,0.9926,-1.6048
8,0.1,0.1,hgb,2.1972,1.7932,1.7452,0.4851,0.8161,0.7943,0.0519,0.00233,0.6451,-0.596,0.5967,-1.7857
8,0.15,0.15,logreg,1.7346,1.6612,1.6786,0.1267,0.9577,0.9677,0.1116,0.0,0.9899,-0.0138,0.8862,-1.7136
8,0.15,0.15,rf,1.7346,1.3709,1.346,0.2233,0.7903,0.776,-0.0494,0.0,0.9473,-0.0769,0.9843,-1.3156
8,0.15,0.15,hgb,1.7346,1.4824,1.4449,0.4374,0.8546,0.833,0.0181,0.0,0.6866,-0.4098,0.6673,-1.4328
8,0.2,0.2,logreg,1.3863,1.3234,1.3422,0.1181,0.9546,0.9682,0.0969,0.0,0.9896,-0.0137,0.9002,-1.3721
8,0.2,0.2,rf,1.3863,1.12,1.0998,0.183,0.8079,0.7933,-0.0396,0.0,0.9702,-0.0353,1.0077,-1.0793
8,0.2,0.2,hgb,1.3863,1.232,1.192,0.3635,0.8887,0.8598,0.0184,0.0,0.7443,-0.2665,0.7349,-1.177
8,0.3,0.3,logreg,0.8473,0.8268,0.8329,0.0564,0.9758,0.983,0.0432,0.0,0.9937,-0.0056,0.9525,-0.842
8,0.3,0.3,rf,0.8473,0.7007,0.6844,0.1236,0.827,0.8078,-0.023,0.0,0.9974,-0.0036,1.019,-0.6813
8,0.3,0.3,hgb,0.8473,0.7467,0.7262,0.2561,0.8813,0.8571,0.009,0.0,0.7579,-0.1675,0.7526,-0.732
8,0.4,0.4,logreg,0.4055,0.3977,0.4001,0.0331,0.9809,0.9868,0.0191,0.0,0.9921,-0.0034,0.9729,-0.4028
8,0.4,0.4,rf,0.4055,0.3361,0.3282,0.0935,0.829,0.8094,-0.0076,0.0,1.0152,0.006,1.0238,-0.3277
8,0.4,0.4,hgb,0.4055,0.364,0.3489,0.1955,0.8978,0.8606,0.0101,0.0,0.8204,-0.0556,0.8088,-0.3517
8,0.5,0.5,logreg,-0.0,0.0,0.0,0.0,,,0.0,0.0,0.9942,-0.0014,0.9942,-0.0014
8,0.5,0.5,rf,-0.0,0.0011,0.0023,0.0719,,,0.0003,0.0,1.0389,0.0076,1.0356,0.0047
8,0.5,0.5,hgb,-0.0,0.0,0.0,0.0,,,0.0,0.0,0.831,-0.0163,0.831,-0.0163
9,0.05,0.05,logreg,2.9444,2.7871,2.804,0.2586,0.9465,0.9523,0.2792,0.0,0.9512,-0.1288,0.7432,-2.9077
9,0.05,0.05,rf,2.9444,2.101,2.0694,0.4377,0.7136,0.7028,-0.0983,0.0,0.8227,-0.4376,0.8681,-2.0475
9,0.05,0.05,hgb,2.9444,2.1678,2.1036,0.6609,0.7362,0.7144,0.068,0.00883,0.5509,-1.0428,0.4636,-2.3399
9,0.1,0.1,logreg,2.1972,2.1127,2.1365,0.1381,0.9615,0.9724,0.1201,0.0,0.9681,-0.061,0.8566,-2.1732
9,0.1,0.1,rf,2.1972,1.6838,1.6629,0.2979,0.7663,0.7568,-0.0721,0.0,0.9173,-0.1523,0.9552,-1.6184
9,0.1,0.1,hgb,2.1972,1.8132,1.749,0.5143,0.8252,0.796,0.0253,0.00033,0.6261,-0.6404,0.5774,-1.7835
9,0.15,0.15,logreg,1.7346,1.6802,1.6907,0.1034,0.9686,0.9747,0.0914,0.0,0.985,-0.0214,0.9025,-1.7161
9,0.15,0.15,rf,1.7346,1.3683,1.3541,0.2225,0.7888,0.7806,-0.066,0.0,0.9591,-0.0636,1.0191,-1.3164
9,0.15,0.15,hgb,1.7346,1.479,1.4156,0.4469,0.8527,0.8161,0.0424,0.0,0.6909,-0.4171,0.6677,-1.4339
9,0.2,0.2,logreg,1.3863,1.3373,1.3499,0.092,0.9646,0.9738,0.0785,0.0,0.9854,-0.0167,0.9123,-1.3699
9,0.2,0.2,rf,1.3863,1.1287,1.1106,0.1791,0.8142,0.8012,-0.0507,0.0,0.9726,-0.033,1.0113,-1.0827
9,0.2,0.2,hgb,1.3863,1.2305,1.1923,0.3334,0.8876,0.86,0.0067,0.0,0.745,-0.2664,0.7418,-1.1702
9,0.3,0.3,logreg,0.8473,0.8197,0.8312,0.0735,0.9674,0.981,0.0527,0.0,0.9843,-0.0134,0.9332,-0.8408
9,0.3,0.3,rf,0.8473,0.6871,0.6731,0.1346,0.811,0.7945,-0.017,0.0,1.009,0.0046,1.029,-0.6734
9,0.3,0.3,hgb,0.8473,0.75,0.7265,0.2656,0.8852,0.8574,0.0155,0.0,0.787,-0.1292,0.7839,-0.7174
9,0.4,0.4,logreg,0.4055,0.3977,0.4011,0.0261,0.9809,0.9893,0.0134,0.0,0.9915,-0.0034,0.9775,-0.4025
9,0.4,0.4,rf,0.4055,0.3358,0.3252,0.0954,0.8282,0.8021,-0.0147,0.0,1.0179,0.0096,1.035,-0.321
9,0.4,0.4,hgb,0.4055,0.3637,0.3594,0.2286,0.897,0.8864,-0.0092,0.0,0.7905,-0.0666,0.7985,-0.3533
9,0.5,0.5,logreg,-0.0,0.0,0.0,0.0,,,0.0,0.0,0.9917,-0.0008,0.9917,-0.0008
9,0.5,0.5,rf,-0.0,0.0,0.0002,0.0683,,,-0.0004,0.0,1.0088,0.0049,1.0098,0.0046
9,0.5,0.5,hgb,-0.0,0.0,0.0,0.0,,,0.0,0.0,0.7991,-0.005,0.7991,-0.005
